{
  "appid": "wx011a2ad3b6e8be71",
  "compileType": "miniprogram",
  "miniprogramRoot": "miniprogram/",
  "cloudfunctionRoot": "cloudfunctions/",
  "libVersion": "2.32.0",
  "packOptions": {
    "ignore": [],
    "include": []
  },
  "setting": {
    "coverView": true,
    "es6": true,
    "postcss": true,
    "minified": true,
    "enhance": true,
    "showShadowRootInWxmlPanel": true,
    "packNpmManually": true,
    "packNpmRelationList": [
      {
        "packageJsonPath": "./miniprogram/package.json",
        "miniprogramNpmDistDir": "./miniprogram/"
      }
    ],
    "babelSetting": {
      "ignore": [],
      "disablePlugins": [],
      "outputPath": ""
    },
    "condition": false
  },
  "condition": {},
  "editorSetting": {
    "tabIndent": "insertSpaces",
    "tabSize": 2
  },
  "srcMiniprogramRoot": "miniprogram/",
  "cloudfunctionTemplateRoot": "cloudfunctionTemplate/"
}